M.NAME,M.SCORE,A.QYT,M.URL
赵小米Kitty,473,32,https://www.meitu131.com/nvshen/1
刘飞儿Faye,1278,32,https://www.meitu131.com/nvshen/2
夏小秋,847,29,https://www.meitu131.com/nvshen/3
米妮大萌萌,3366,77,https://www.meitu131.com/nvshen/4
黄可christine,110,6,https://www.meitu131.com/nvshen/5
夏美酱_,504,45,https://www.meitu131.com/nvshen/6
孙允珠,257,6,https://www.meitu131.com/nvshen/7
周妍希,5748,110,https://www.meitu131.com/nvshen/8
杨晨晨sugar,7031,486,https://www.meitu131.com/nvshen/9
王雨纯,3446,133,https://www.meitu131.com/nvshen/10
韩恩熙,77,17,https://www.meitu131.com/nvshen/11
华村飞鸟,76,3,https://www.meitu131.com/nvshen/12
苍井空,319,0,https://www.meitu131.com/nvshen/13
李秀彬,77,3,https://www.meitu131.com/nvshen/14
朴正允,120,7,https://www.meitu131.com/nvshen/15
美玲元,67,1,https://www.meitu131.com/nvshen/16
李妍静,59,7,https://www.meitu131.com/nvshen/17
韩申颖,40,2,https://www.meitu131.com/nvshen/18
吉川友,39,2,https://www.meitu131.com/nvshen/19
朴秀妍,40,4,https://www.meitu131.com/nvshen/20
延智恩,54,8,https://www.meitu131.com/nvshen/21
李海伦,22,1,https://www.meitu131.com/nvshen/22
天木纯,410,0,https://www.meitu131.com/nvshen/23
筱崎爱,215,0,https://www.meitu131.com/nvshen/24
杉原杏璃,721,0,https://www.meitu131.com/nvshen/25
清水爱理,60,0,https://www.meitu131.com/nvshen/26
岸明日香,105,0,https://www.meitu131.com/nvshen/27
平祐奈,60,0,https://www.meitu131.com/nvshen/28
赵芸,70,12,https://www.meitu131.com/nvshen/29
罗云琦,67,5,https://www.meitu131.com/nvshen/30
谭晓彤,95,4,https://www.meitu131.com/nvshen/31
谭咏曦,37,1,https://www.meitu131.com/nvshen/32
王沫儿,26,5,https://www.meitu131.com/nvshen/33
何嘉儿,16,2,https://www.meitu131.com/nvshen/34
张雅筑,19,6,https://www.meitu131.com/nvshen/35
乔安,61,2,https://www.meitu131.com/nvshen/36
林琦娟,21,0,https://www.meitu131.com/nvshen/37
Sarah Snyder,74,0,https://www.meitu131.com/nvshen/38
Gia Marie Macool,63,0,https://www.meitu131.com/nvshen/39
Julianne Kissinger,50,0,https://www.meitu131.com/nvshen/40
Helga Lovekaty,74,0,https://www.meitu131.com/nvshen/41
Jordan Carver,694,0,https://www.meitu131.com/nvshen/42
Hope Beel,111,0,https://www.meitu131.com/nvshen/43
Laura Winges,43,0,https://www.meitu131.com/nvshen/44
Celine Farach,86,0,https://www.meitu131.com/nvshen/45
Marissa Everhart,414,0,https://www.meitu131.com/nvshen/46
岑雨桥,14,6,https://www.meitu131.com/nvshen/47
玛鲁娜,665,43,https://www.meitu131.com/nvshen/48
徐cake,149,27,https://www.meitu131.com/nvshen/49
梁湾,29,1,https://www.meitu131.com/nvshen/50
李妍曦,2377,42,https://www.meitu131.com/nvshen/51
刘娅希,37,16,https://www.meitu131.com/nvshen/52
夏瑶baby,43,10,https://www.meitu131.com/nvshen/53
Cheryl青树,63,33,https://www.meitu131.com/nvshen/54
于大小姐,52,22,https://www.meitu131.com/nvshen/55
张美荧,17,5,https://www.meitu131.com/nvshen/56
张优,28,7,https://www.meitu131.com/nvshen/57
许诺Sabrina,177,58,https://www.meitu131.com/nvshen/58
陈思琪,156,17,https://www.meitu131.com/nvshen/59
易阳Silvia,1007,39,https://www.meitu131.com/nvshen/60
伊莉娜,27,9,https://www.meitu131.com/nvshen/61
淼淼萌萌哒,27,6,https://www.meitu131.com/nvshen/62
裴依雅,19,1,https://www.meitu131.com/nvshen/63
灵微微,8,1,https://www.meitu131.com/nvshen/64
杨上萱,21,8,https://www.meitu131.com/nvshen/65
王馨瑶,2170,175,https://www.meitu131.com/nvshen/66
妮小妖,438,67,https://www.meitu131.com/nvshen/67
陈良玲Carry,165,37,https://www.meitu131.com/nvshen/68
赵惟依,20,3,https://www.meitu131.com/nvshen/69
陈雅漫,48,13,https://www.meitu131.com/nvshen/70
何晨曦,60,6,https://www.meitu131.com/nvshen/71
李李七七喜喜,43,14,https://www.meitu131.com/nvshen/72
石心琪,24,17,https://www.meitu131.com/nvshen/73
佟蔓,70,12,https://www.meitu131.com/nvshen/74
赵馨悦,55,4,https://www.meitu131.com/nvshen/75
尤妮丝,5525,26,https://www.meitu131.com/nvshen/76
蔡乐儿,9,5,https://www.meitu131.com/nvshen/77
雪千寻,214,19,https://www.meitu131.com/nvshen/78
卓娅祺,1236,50,https://www.meitu131.com/nvshen/79
刘钰儿,248,24,https://www.meitu131.com/nvshen/80
SISY思,48,22,https://www.meitu131.com/nvshen/81
Yumi尤美,152,31,https://www.meitu131.com/nvshen/82
Abby李雅,248,19,https://www.meitu131.com/nvshen/83
Moa小姐,12,6,https://www.meitu131.com/nvshen/84
刘美辰,29,5,https://www.meitu131.com/nvshen/85
李雪婷Anna,47,11,https://www.meitu131.com/nvshen/86
慕羽茜,52,6,https://www.meitu131.com/nvshen/87
王婉悠,153,12,https://www.meitu131.com/nvshen/88
严佳丽,39,3,https://www.meitu131.com/nvshen/89
木木hanna,23,10,https://www.meitu131.com/nvshen/90
于姬Una,214,36,https://www.meitu131.com/nvshen/91
小热巴,1088,139,https://www.meitu131.com/nvshen/92
LalaBaby啦啦,40,7,https://www.meitu131.com/nvshen/93
付艺轩,257,22,https://www.meitu131.com/nvshen/94
斯戴媛,24,3,https://www.meitu131.com/nvshen/95
Miko酱,187,13,https://www.meitu131.com/nvshen/96
夏倪可,16,5,https://www.meitu131.com/nvshen/97
陆梓琪,12,5,https://www.meitu131.com/nvshen/98
可乐Vicky,401,36,https://www.meitu131.com/nvshen/99
绯月樱Cherry,1163,142,https://www.meitu131.com/nvshen/100
李筱乔,27,4,https://www.meitu131.com/nvshen/101
兜豆靓,33,20,https://www.meitu131.com/nvshen/102
萌琪琪,129,28,https://www.meitu131.com/nvshen/103
张静燕,74,9,https://www.meitu131.com/nvshen/104
程小烦,33,17,https://www.meitu131.com/nvshen/105
雪瑞Lisa,26,6,https://www.meitu131.com/nvshen/106
芈琳娜,19,3,https://www.meitu131.com/nvshen/107
何梦兮,17,5,https://www.meitu131.com/nvshen/108
魏飞霞,103,23,https://www.meitu131.com/nvshen/109
春娇,8,2,https://www.meitu131.com/nvshen/110
邓雪,11,4,https://www.meitu131.com/nvshen/111
小九Vin,50,7,https://www.meitu131.com/nvshen/112
施忆佳,25,7,https://www.meitu131.com/nvshen/113
绮梦Cherish,37,10,https://www.meitu131.com/nvshen/114
徐妍馨,21,8,https://www.meitu131.com/nvshen/115
金梓馨,24,2,https://www.meitu131.com/nvshen/116
李莉莉,19,2,https://www.meitu131.com/nvshen/117
陈一,13,1,https://www.meitu131.com/nvshen/118
沈蜜桃,40,9,https://www.meitu131.com/nvshen/119
美替,43,3,https://www.meitu131.com/nvshen/120
夏笑笑Summer,69,16,https://www.meitu131.com/nvshen/121
熊吖BOBO,132,25,https://www.meitu131.com/nvshen/122
西希白兔,29,6,https://www.meitu131.com/nvshen/123
于思琪,15,4,https://www.meitu131.com/nvshen/124
顾欣怡,211,17,https://www.meitu131.com/nvshen/125
杜花花,44,11,https://www.meitu131.com/nvshen/126
猫九酱,34,5,https://www.meitu131.com/nvshen/127
SOLO-尹菲,475,66,https://www.meitu131.com/nvshen/128
松果儿,615,21,https://www.meitu131.com/nvshen/129
程彤颜,50,9,https://www.meitu131.com/nvshen/130
刘奕宁,116,14,https://www.meitu131.com/nvshen/131
赵梦洁,46,3,https://www.meitu131.com/nvshen/132
朱若慕,18,7,https://www.meitu131.com/nvshen/133
王曼妮,38,4,https://www.meitu131.com/nvshen/134
栗子Riz,35,15,https://www.meitu131.com/nvshen/135
美昕Yumi,52,6,https://www.meitu131.com/nvshen/136
娜露Selena,418,13,https://www.meitu131.com/nvshen/137
月音瞳,88,34,https://www.meitu131.com/nvshen/138
小尤奈,256,30,https://www.meitu131.com/nvshen/139
琳琳ailin,136,19,https://www.meitu131.com/nvshen/140
沈梦瑶,244,28,https://www.meitu131.com/nvshen/141
艾小青,181,26,https://www.meitu131.com/nvshen/142
何嘉颖,171,25,https://www.meitu131.com/nvshen/143
丁筱南,27,15,https://www.meitu131.com/nvshen/144
纯小希,100,32,https://www.meitu131.com/nvshen/145
唐思琪,98,6,https://www.meitu131.com/nvshen/146
梦心玥,1214,109,https://www.meitu131.com/nvshen/147
黛诺欣,115,2,https://www.meitu131.com/nvshen/148
冰冰儿,14,8,https://www.meitu131.com/nvshen/149
楚恬Olivia,26,4,https://www.meitu131.com/nvshen/150
琦罗,10,1,https://www.meitu131.com/nvshen/151
小楠,8,1,https://www.meitu131.com/nvshen/152
林微微,13,1,https://www.meitu131.com/nvshen/153
段筱慧,608,73,https://www.meitu131.com/nvshen/154
刘邦妮,11,2,https://www.meitu131.com/nvshen/155
徐肉肉,23,1,https://www.meitu131.com/nvshen/156
阿依努尔瓦娅,29,10,https://www.meitu131.com/nvshen/157
杨漫妮,61,11,https://www.meitu131.com/nvshen/158
周于希dummy,1695,144,https://www.meitu131.com/nvshen/159
陈宇曦,26,12,https://www.meitu131.com/nvshen/160
Luffy-菲菲,76,9,https://www.meitu131.com/nvshen/161
王梓童,95,4,https://www.meitu131.com/nvshen/162
夏茉GiGi,164,20,https://www.meitu131.com/nvshen/163
闫盼盼,971,6,https://www.meitu131.com/nvshen/164
芝芝Booty,1725,294,https://www.meitu131.com/nvshen/165
冯雪娇,32,15,https://www.meitu131.com/nvshen/166
Lavinia肉,226,65,https://www.meitu131.com/nvshen/167
M梦baby,35,13,https://www.meitu131.com/nvshen/168
张秒秒,31,1,https://www.meitu131.com/nvshen/169
李焱,18,2,https://www.meitu131.com/nvshen/170
金美子,18,1,https://www.meitu131.com/nvshen/171
Ellie艾栗栗,121,13,https://www.meitu131.com/nvshen/172
冯木木LRIS,383,68,https://www.meitu131.com/nvshen/173
战姝羽,21,12,https://www.meitu131.com/nvshen/174
含嫣,23,1,https://www.meitu131.com/nvshen/175
张静雅,28,1,https://www.meitu131.com/nvshen/176
晓茜sunny,38,19,https://www.meitu131.com/nvshen/177
袁圆,10,1,https://www.meitu131.com/nvshen/178
李美汐,13,1,https://www.meitu131.com/nvshen/179
夏静jolie,12,2,https://www.meitu131.com/nvshen/180
Kitty星辰,73,20,https://www.meitu131.com/nvshen/181
周心情,16,3,https://www.meitu131.com/nvshen/182
李凯诗,61,17,https://www.meitu131.com/nvshen/183
梦小楠,23,5,https://www.meitu131.com/nvshen/184
韩子萱,29,5,https://www.meitu131.com/nvshen/185
安沛蕾,22,8,https://www.meitu131.com/nvshen/186
陆金佳,7,2,https://www.meitu131.com/nvshen/187
陶喜乐,133,13,https://www.meitu131.com/nvshen/188
葛征Model,378,19,https://www.meitu131.com/nvshen/189
蔡茵茵,62,15,https://www.meitu131.com/nvshen/190
AngelaLee李玲,26,5,https://www.meitu131.com/nvshen/191
麦苹果,28,5,https://www.meitu131.com/nvshen/192
杨晓青儿,24,5,https://www.meitu131.com/nvshen/193
不柠bling,34,5,https://www.meitu131.com/nvshen/194
若兮Baby,222,15,https://www.meitu131.com/nvshen/195
李梓熙,165,17,https://www.meitu131.com/nvshen/196
林佳沫,24,6,https://www.meitu131.com/nvshen/197
宛恩Miyu,16,3,https://www.meitu131.com/nvshen/198
籼米儿,19,14,https://www.meitu131.com/nvshen/199
陈天扬Sandy,17,8,https://www.meitu131.com/nvshen/200
Elma梦,12,4,https://www.meitu131.com/nvshen/201
妤薇Vivian,28,8,https://www.meitu131.com/nvshen/202
婕西儿jessie,19,12,https://www.meitu131.com/nvshen/203
Nancy小姿,17,10,https://www.meitu131.com/nvshen/204
吕婉柔Elin,89,3,https://www.meitu131.com/nvshen/205
张小西,26,2,https://www.meitu131.com/nvshen/206
谢忱倬,10,2,https://www.meitu131.com/nvshen/207
容容容Alice,19,5,https://www.meitu131.com/nvshen/208
瑞宝儿,16,5,https://www.meitu131.com/nvshen/209
苏可可,38,17,https://www.meitu131.com/nvshen/210
伍月yuer,17,14,https://www.meitu131.com/nvshen/211
陈宝拉,11,4,https://www.meitu131.com/nvshen/212
Wendy智秀,39,5,https://www.meitu131.com/nvshen/213
恩一,261,9,https://www.meitu131.com/nvshen/214
吕诗茗,43,4,https://www.meitu131.com/nvshen/215
傅诗瑶,7,1,https://www.meitu131.com/nvshen/216
诗诗kiki,221,35,https://www.meitu131.com/nvshen/217
冯晞雯,12,3,https://www.meitu131.com/nvshen/218
小潘鼠,15,6,https://www.meitu131.com/nvshen/219
王紫琳,24,4,https://www.meitu131.com/nvshen/220
颖儿EI,11,2,https://www.meitu131.com/nvshen/221
若彤boomboom,26,6,https://www.meitu131.com/nvshen/222
奈奈Fox,14,7,https://www.meitu131.com/nvshen/223
玉兔miki,154,16,https://www.meitu131.com/nvshen/224
韩秀冉,28,5,https://www.meitu131.com/nvshen/225
陆瓷,130,4,https://www.meitu131.com/nvshen/226
陈欣,14,7,https://www.meitu131.com/nvshen/227
李丽莎,214,7,https://www.meitu131.com/nvshen/228
李宓儿,107,19,https://www.meitu131.com/nvshen/229
就是阿朱啊,1417,28,https://www.meitu131.com/nvshen/230
柴婉艺Averie,97,35,https://www.meitu131.com/nvshen/231
金禹熙,34,5,https://www.meitu131.com/nvshen/232
嘉依MOON,12,2,https://www.meitu131.com/nvshen/233
Evon陈赞之,68,8,https://www.meitu131.com/nvshen/234
九月生,298,47,https://www.meitu131.com/nvshen/235
蓝夏Akasha,331,38,https://www.meitu131.com/nvshen/236
萌尤星凯竹,145,39,https://www.meitu131.com/nvshen/237
戴小唯,9,3,https://www.meitu131.com/nvshen/238
珊珊,152,9,https://www.meitu131.com/nvshen/239
夏诗诗Sallly,617,12,https://www.meitu131.com/nvshen/240
白茹雪,117,10,https://www.meitu131.com/nvshen/241
黄歆苑Chobits,67,26,https://www.meitu131.com/nvshen/242
徐珍儿,32,5,https://www.meitu131.com/nvshen/243
Hasand,34,2,https://www.meitu131.com/nvshen/244
林雨萌,9,1,https://www.meitu131.com/nvshen/245
崔乖艺,16,3,https://www.meitu131.com/nvshen/246
林美惠子,134,20,https://www.meitu131.com/nvshen/247
李小星,37,3,https://www.meitu131.com/nvshen/248
程红晨,20,5,https://www.meitu131.com/nvshen/249
陈雨涵Cc,11,3,https://www.meitu131.com/nvshen/250
Lunana-lee,12,3,https://www.meitu131.com/nvshen/251
白衣校花,15,2,https://www.meitu131.com/nvshen/252
静宜,16,3,https://www.meitu131.com/nvshen/253
龚叶轩,32,1,https://www.meitu131.com/nvshen/254
Maggie,12,3,https://www.meitu131.com/nvshen/255
伊小七,403,9,https://www.meitu131.com/nvshen/256
萌宝儿,23,13,https://www.meitu131.com/nvshen/257
思茹,12,2,https://www.meitu131.com/nvshen/258
徐安安,235,29,https://www.meitu131.com/nvshen/259
陆萱萱,2165,120,https://www.meitu131.com/nvshen/260
童千艺,43,5,https://www.meitu131.com/nvshen/261
周慕汐,1167,51,https://www.meitu131.com/nvshen/262
王昭璐,130,9,https://www.meitu131.com/nvshen/263
夏小雅,28,7,https://www.meitu131.com/nvshen/264
艾西Ashley,30,1,https://www.meitu131.com/nvshen/265
沈璐,14,1,https://www.meitu131.com/nvshen/266
王梦恬,31,5,https://www.meitu131.com/nvshen/267
陈秋雨,42,9,https://www.meitu131.com/nvshen/268
闵妮Mily,121,1,https://www.meitu131.com/nvshen/269
白子嫣,73,11,https://www.meitu131.com/nvshen/270
赵智妍,25,4,https://www.meitu131.com/nvshen/271
周熙妍,56,9,https://www.meitu131.com/nvshen/272
MARA酱,67,15,https://www.meitu131.com/nvshen/273
玥儿玥,667,46,https://www.meitu131.com/nvshen/274
方子萱,123,19,https://www.meitu131.com/nvshen/275
顾桥楠,149,22,https://www.meitu131.com/nvshen/276
林子欣,636,42,https://www.meitu131.com/nvshen/277
宋梓诺,34,9,https://www.meitu131.com/nvshen/278
陈小喵,1019,59,https://www.meitu131.com/nvshen/279
周韦彤,31,2,https://www.meitu131.com/nvshen/280
安然Maleah,1611,83,https://www.meitu131.com/nvshen/281
周思乔,110,8,https://www.meitu131.com/nvshen/282
羽住,48,9,https://www.meitu131.com/nvshen/283
孙梦瑶,115,31,https://www.meitu131.com/nvshen/284
唐琪儿,212,21,https://www.meitu131.com/nvshen/285
嘉宝贝儿,45,34,https://www.meitu131.com/nvshen/286
程开心,725,32,https://www.meitu131.com/nvshen/287
韩静安,340,16,https://www.meitu131.com/nvshen/288
田冰冰,246,34,https://www.meitu131.com/nvshen/289
yoo优优,427,29,https://www.meitu131.com/nvshen/290
安琪Yee,41,8,https://www.meitu131.com/nvshen/291
杨紫嫣,424,33,https://www.meitu131.com/nvshen/292
陈一涵,34,6,https://www.meitu131.com/nvshen/293
张欣欣,133,27,https://www.meitu131.com/nvshen/294
言沫,366,47,https://www.meitu131.com/nvshen/295
夏玥,18,2,https://www.meitu131.com/nvshen/296
鱼子酱fish,1564,57,https://www.meitu131.com/nvshen/297
美七Mia,515,23,https://www.meitu131.com/nvshen/298
南初妹妹,269,5,https://www.meitu131.com/nvshen/299
如歌fairy,50,17,https://www.meitu131.com/nvshen/300
唐安琪,2142,92,https://www.meitu131.com/nvshen/301
绮里嘉,547,134,https://www.meitu131.com/nvshen/302
梦梵,118,8,https://www.meitu131.com/nvshen/303
星野咪兔,24,1,https://www.meitu131.com/nvshen/304
Vanessa,250,26,https://www.meitu131.com/nvshen/305
月野兔美妞,13,4,https://www.meitu131.com/nvshen/306
豆瓣酱,577,19,https://www.meitu131.com/nvshen/307
韩姗姗,30,2,https://www.meitu131.com/nvshen/308
陈梵妮Fanny,129,6,https://www.meitu131.com/nvshen/309
林文文,562,20,https://www.meitu131.com/nvshen/310
沈善熙,106,4,https://www.meitu131.com/nvshen/311
薛琪琪sandy,96,10,https://www.meitu131.com/nvshen/312
小蛮妖,161,44,https://www.meitu131.com/nvshen/313
小娜比,210,24,https://www.meitu131.com/nvshen/314
林芮希,52,2,https://www.meitu131.com/nvshen/315
李承美,81,18,https://www.meitu131.com/nvshen/316
蜜桃酱o,34,3,https://www.meitu131.com/nvshen/317
允爾,354,24,https://www.meitu131.com/nvshen/318
糯米NM,25,8,https://www.meitu131.com/nvshen/319
田芯娜,17,1,https://www.meitu131.com/nvshen/320
周大萌,524,41,https://www.meitu131.com/nvshen/321
姝姝妹妹,30,6,https://www.meitu131.com/nvshen/322
小波多,48,12,https://www.meitu131.com/nvshen/323
软软Roro,1547,27,https://www.meitu131.com/nvshen/324
夏西CiCi,171,5,https://www.meitu131.com/nvshen/325
文静儿,95,6,https://www.meitu131.com/nvshen/326
周井空,36,9,https://www.meitu131.com/nvshen/327
婠婠么,117,9,https://www.meitu131.com/nvshen/328
苏雨彤,142,10,https://www.meitu131.com/nvshen/329
赵万灵,39,2,https://www.meitu131.com/nvshen/330
小奶瓶呜呜,88,8,https://www.meitu131.com/nvshen/331
黄艾比,31,7,https://www.meitu131.com/nvshen/332
芷萱mimi,26,2,https://www.meitu131.com/nvshen/333
揉揉肉肉,25,4,https://www.meitu131.com/nvshen/334
郑颖姗,474,33,https://www.meitu131.com/nvshen/335
佘贝拉,224,28,https://www.meitu131.com/nvshen/336
小狐狸Kathryn,282,50,https://www.meitu131.com/nvshen/337
陈圆圆,64,4,https://www.meitu131.com/nvshen/338
萌奈子,73,3,https://www.meitu131.com/nvshen/339
宥利,56,8,https://www.meitu131.com/nvshen/340
苏小曼,31,4,https://www.meitu131.com/nvshen/341
临恩惠,45,1,https://www.meitu131.com/nvshen/342
伊思思,17,4,https://www.meitu131.com/nvshen/343
小夕Kitty,87,5,https://www.meitu131.com/nvshen/344
悠悠酱,65,9,https://www.meitu131.com/nvshen/345
柳侑绮sevenbaby,388,26,https://www.meitu131.com/nvshen/346
徐微微,949,34,https://www.meitu131.com/nvshen/347
潘娇娇,145,8,https://www.meitu131.com/nvshen/348
Evelyn艾莉,87,10,https://www.meitu131.com/nvshen/349
FoxYini孟狐狸,112,6,https://www.meitu131.com/nvshen/350
赵伊彤,77,7,https://www.meitu131.com/nvshen/351
思淇Sukiii,87,17,https://www.meitu131.com/nvshen/352
温心怡,73,7,https://www.meitu131.com/nvshen/353
周小然,36,3,https://www.meitu131.com/nvshen/354
LindaLinda,158,16,https://www.meitu131.com/nvshen/355
王俪丁,191,0,https://www.meitu131.com/nvshen/356
梓萱Crystal,43,6,https://www.meitu131.com/nvshen/357
久久Aimee,158,18,https://www.meitu131.com/nvshen/358
Sugar梁莹,53,11,https://www.meitu131.com/nvshen/359
大阳,109,6,https://www.meitu131.com/nvshen/360
UU酱,220,5,https://www.meitu131.com/nvshen/361
文雪Cher,40,7,https://www.meitu131.com/nvshen/362
王瑞儿Rea,38,2,https://www.meitu131.com/nvshen/363
连欣,61,2,https://www.meitu131.com/nvshen/364
陈嘉嘉,46,15,https://www.meitu131.com/nvshen/365
SukkiQ可儿,84,25,https://www.meitu131.com/nvshen/366
曾水Raeka,73,3,https://www.meitu131.com/nvshen/367
张栩菲ManG,43,2,https://www.meitu131.com/nvshen/368
白一晗Queen,198,13,https://www.meitu131.com/nvshen/369
朱赢Molly,52,6,https://www.meitu131.com/nvshen/370
瑞莎Trista,149,6,https://www.meitu131.com/nvshen/371
子纯儿Annie,37,10,https://www.meitu131.com/nvshen/372
爱丽莎Lisa,76,28,https://www.meitu131.com/nvshen/373
贾丹,131,10,https://www.meitu131.com/nvshen/374
王乔恩Abby,49,10,https://www.meitu131.com/nvshen/375
卓芷伊EricA,30,8,https://www.meitu131.com/nvshen/376
蔡文钰Angle,71,9,https://www.meitu131.com/nvshen/377
小魔女奈奈,41,1,https://www.meitu131.com/nvshen/378
乔依琳Joylin,95,6,https://www.meitu131.com/nvshen/379
唐婉儿Lucky,129,6,https://www.meitu131.com/nvshen/380
李玉洁Daisy,25,1,https://www.meitu131.com/nvshen/381
金允乔,26,6,https://www.meitu131.com/nvshen/382
金子熙Cindy,33,3,https://www.meitu131.com/nvshen/383
叶佳颐,52,15,https://www.meitu131.com/nvshen/384
宋七七,79,4,https://www.meitu131.com/nvshen/385
奶油妹妹,544,6,https://www.meitu131.com/nvshen/386
Jenny佳妮,85,6,https://www.meitu131.com/nvshen/387
任莹樱,83,7,https://www.meitu131.com/nvshen/388
尹甜甜,163,15,https://www.meitu131.com/nvshen/389
乔漫妮,215,11,https://www.meitu131.com/nvshen/390
黄金宝儿,24,2,https://www.meitu131.com/nvshen/391
费若拉,217,6,https://www.meitu131.com/nvshen/392
崔灿,59,4,https://www.meitu131.com/nvshen/393
九儿,30,5,https://www.meitu131.com/nvshen/394
小汐,64,1,https://www.meitu131.com/nvshen/395
鲍妮boonie,24,2,https://www.meitu131.com/nvshen/396
乔依诺,16,2,https://www.meitu131.com/nvshen/397
菁君,14,1,https://www.meitu131.com/nvshen/398
洋宝儿,25,2,https://www.meitu131.com/nvshen/399
A.小熊猫,22,3,https://www.meitu131.com/nvshen/400
陈念灵,19,1,https://www.meitu131.com/nvshen/401
苹果apple,49,1,https://www.meitu131.com/nvshen/402
小雨,70,3,https://www.meitu131.com/nvshen/403
妮儿Bluelabel,32,7,https://www.meitu131.com/nvshen/404
猫宝,57,7,https://www.meitu131.com/nvshen/405
叶梦轩,46,2,https://www.meitu131.com/nvshen/406
黄婧,25,3,https://www.meitu131.com/nvshen/407
黄密儿,8,2,https://www.meitu131.com/nvshen/408
李雅柔,364,13,https://www.meitu131.com/nvshen/409
熊小诺,484,20,https://www.meitu131.com/nvshen/410
明日花桃桃,78,4,https://www.meitu131.com/nvshen/411
小夕juju,625,16,https://www.meitu131.com/nvshen/412
程慧娴Phoebe,55,8,https://www.meitu131.com/nvshen/413
人间荒糖,125,7,https://www.meitu131.com/nvshen/414
Mila豆嘟嘟,26,1,https://www.meitu131.com/nvshen/415
妲己_Toxic,526,6,https://www.meitu131.com/nvshen/416
刘艾琳,119,12,https://www.meitu131.com/nvshen/417
小果冻儿jelly,222,8,https://www.meitu131.com/nvshen/418
罗爱乔,21,1,https://www.meitu131.com/nvshen/419
晓鱼酱,41,3,https://www.meitu131.com/nvshen/420
陈大榕,54,2,https://www.meitu131.com/nvshen/421
小阿狸,37,2,https://www.meitu131.com/nvshen/422
唐雨辰,43,8,https://www.meitu131.com/nvshen/423
美绪,115,3,https://www.meitu131.com/nvshen/424
Flower朱可儿,936,17,https://www.meitu131.com/nvshen/425
果儿celia,17,1,https://www.meitu131.com/nvshen/426
杨安娜,105,6,https://www.meitu131.com/nvshen/427
宋黛,45,4,https://www.meitu131.com/nvshen/428
林星阑,1175,42,https://www.meitu131.com/nvshen/429
喵酱,80,2,https://www.meitu131.com/nvshen/430
艾优蜜,36,2,https://www.meitu131.com/nvshen/431
解斯童,77,4,https://www.meitu131.com/nvshen/432
Arude薇薇,106,12,https://www.meitu131.com/nvshen/433
Jessica,119,10,https://www.meitu131.com/nvshen/434
尤柔美,78,2,https://www.meitu131.com/nvshen/435
猫猫,77,2,https://www.meitu131.com/nvshen/436
艾静香,253,22,https://www.meitu131.com/nvshen/437
芊澄,31,2,https://www.meitu131.com/nvshen/438
唐心,62,3,https://www.meitu131.com/nvshen/439
西门小玉,175,12,https://www.meitu131.com/nvshen/440
中田合美子,114,2,https://www.meitu131.com/nvshen/441
奶油米,73,3,https://www.meitu131.com/nvshen/442
吴雪瑶,171,11,https://www.meitu131.com/nvshen/443
肉肉,104,3,https://www.meitu131.com/nvshen/444
seven小七,31,1,https://www.meitu131.com/nvshen/445
夏可馨,74,3,https://www.meitu131.com/nvshen/446
徐文君,29,2,https://www.meitu131.com/nvshen/447
李多多,96,11,https://www.meitu131.com/nvshen/448
杨依,80,3,https://www.meitu131.com/nvshen/449
莲漪lenne,46,2,https://www.meitu131.com/nvshen/450
茯苓,96,8,https://www.meitu131.com/nvshen/451
小爪几,23,1,https://www.meitu131.com/nvshen/452
星萌,122,3,https://www.meitu131.com/nvshen/453
水水er,102,8,https://www.meitu131.com/nvshen/454
萌白酱,77,9,https://www.meitu131.com/nvshen/455
林煊煊,73,4,https://www.meitu131.com/nvshen/456
肉晴MINI,80,1,https://www.meitu131.com/nvshen/457
文芮jeninfer,84,8,https://www.meitu131.com/nvshen/458
白露小猪,190,9,https://www.meitu131.com/nvshen/459
林静瑶,183,4,https://www.meitu131.com/nvshen/460
姜仁卿,281,7,https://www.meitu131.com/nvshen/461
Betty,39,1,https://www.meitu131.com/nvshen/462
陈小诺,296,13,https://www.meitu131.com/nvshen/463
桃香子,170,6,https://www.meitu131.com/nvshen/464
王慧慧,75,3,https://www.meitu131.com/nvshen/465
Samantha奶油,216,5,https://www.meitu131.com/nvshen/466
张齐郡,42,6,https://www.meitu131.com/nvshen/467
闫璐璐,29,1,https://www.meitu131.com/nvshen/468
一颗甜蛋黄a,172,5,https://www.meitu131.com/nvshen/469
恬恬GuTIan,38,2,https://www.meitu131.com/nvshen/470
王恬恬Shelly,61,2,https://www.meitu131.com/nvshen/471
允儿Claire,119,8,https://www.meitu131.com/nvshen/472
美桃酱,417,24,https://www.meitu131.com/nvshen/473
媛媛酱belle,117,17,https://www.meitu131.com/nvshen/474
米漫池,23,2,https://www.meitu131.com/nvshen/475
Vivian,29,1,https://www.meitu131.com/nvshen/476
佐伊Zoe,39,2,https://www.meitu131.com/nvshen/477
欧阳美萱MX,50,4,https://www.meitu131.com/nvshen/478
Rainbow,57,4,https://www.meitu131.com/nvshen/479
李薇薇,62,6,https://www.meitu131.com/nvshen/480
伊娜yina,41,1,https://www.meitu131.com/nvshen/481
小影,60,7,https://www.meitu131.com/nvshen/482
伊丽莎有点白,66,1,https://www.meitu131.com/nvshen/483
涟漪sara,54,5,https://www.meitu131.com/nvshen/484
小鱿鱼殿下,36,1,https://www.meitu131.com/nvshen/485
安妮斯朵拉,107,15,https://www.meitu131.com/nvshen/486
陈妍君Mavis,55,2,https://www.meitu131.com/nvshen/487
美幸baby,65,7,https://www.meitu131.com/nvshen/488
周欣琪,68,2,https://www.meitu131.com/nvshen/489
然熙,52,2,https://www.meitu131.com/nvshen/490
苏西susie,72,2,https://www.meitu131.com/nvshen/491
蓝莓FY,39,3,https://www.meitu131.com/nvshen/492
Summer宝宝,57,3,https://www.meitu131.com/nvshen/493
柚子178,132,3,https://www.meitu131.com/nvshen/494
抖娘利世,730,37,https://www.meitu131.com/nvshen/495
萱萱在重庆,34,1,https://www.meitu131.com/nvshen/496
那奈,28,2,https://www.meitu131.com/nvshen/497
焦糖可可,76,2,https://www.meitu131.com/nvshen/498
neinei,34,1,https://www.meitu131.com/nvshen/499
欧阳lulu,36,2,https://www.meitu131.com/nvshen/500
Riri617,46,3,https://www.meitu131.com/nvshen/501
柏原晴,31,1,https://www.meitu131.com/nvshen/502
樱花EISA,52,5,https://www.meitu131.com/nvshen/503
Cici,54,5,https://www.meitu131.com/nvshen/504
柚柚酱,37,1,https://www.meitu131.com/nvshen/505
小语,106,6,https://www.meitu131.com/nvshen/506
尤祎,32,1,https://www.meitu131.com/nvshen/507
叶熏,56,1,https://www.meitu131.com/nvshen/508
乔雪,73,9,https://www.meitu131.com/nvshen/509
嫩嫩,37,2,https://www.meitu131.com/nvshen/510
李纤纤,153,8,https://www.meitu131.com/nvshen/511
李师师,86,4,https://www.meitu131.com/nvshen/512
逗逗DouDou,195,9,https://www.meitu131.com/nvshen/513
可可,62,10,https://www.meitu131.com/nvshen/514
鱼儿,68,1,https://www.meitu131.com/nvshen/515
韩妍妍,45,2,https://www.meitu131.com/nvshen/516
于暖暖,65,2,https://www.meitu131.com/nvshen/517
李晓雅,82,1,https://www.meitu131.com/nvshen/518
bunny七七,224,3,https://www.meitu131.com/nvshen/519
刀妹,34,1,https://www.meitu131.com/nvshen/520
淇baby,42,1,https://www.meitu131.com/nvshen/521
郭子蜜,43,1,https://www.meitu131.com/nvshen/522
梦娜Vanessa,36,3,https://www.meitu131.com/nvshen/523
爱元,42,1,https://www.meitu131.com/nvshen/524
幂书,32,1,https://www.meitu131.com/nvshen/525
芮晓颖,54,1,https://www.meitu131.com/nvshen/526
西子,41,3,https://www.meitu131.com/nvshen/527
妍皙,45,1,https://www.meitu131.com/nvshen/528
赵娜娜,155,2,https://www.meitu131.com/nvshen/529
李夫人,121,4,https://www.meitu131.com/nvshen/530
戴安娜,94,1,https://www.meitu131.com/nvshen/531
白亦Ada,172,4,https://www.meitu131.com/nvshen/532
贾诗晗,68,5,https://www.meitu131.com/nvshen/533
Paris帕丽斯,41,2,https://www.meitu131.com/nvshen/534
乔安娜,38,2,https://www.meitu131.com/nvshen/535
奥莉,54,7,https://www.meitu131.com/nvshen/536
E宝贝,36,3,https://www.meitu131.com/nvshen/537
颜瑜Yuki,56,2,https://www.meitu131.com/nvshen/538
Celina青妍,42,3,https://www.meitu131.com/nvshen/539
Sopha,39,1,https://www.meitu131.com/nvshen/540
安晴,88,2,https://www.meitu131.com/nvshen/541
夏沫沫,179,21,https://www.meitu131.com/nvshen/542
安琪拉,45,1,https://www.meitu131.com/nvshen/543
舌尖上的菊花,57,1,https://www.meitu131.com/nvshen/544
徐媛媛,39,1,https://www.meitu131.com/nvshen/545
小猪peggy,40,1,https://www.meitu131.com/nvshen/546
坏兔子Hu,60,1,https://www.meitu131.com/nvshen/547
蘇～蘇,57,2,https://www.meitu131.com/nvshen/548
小雪儿,40,1,https://www.meitu131.com/nvshen/549
马乐乐,28,1,https://www.meitu131.com/nvshen/550
欣凌,44,1,https://www.meitu131.com/nvshen/551
奶茶Emily,158,1,https://www.meitu131.com/nvshen/552
tina_甜仔,125,10,https://www.meitu131.com/nvshen/553
霓可爱,146,1,https://www.meitu131.com/nvshen/554
张思允Nice,477,14,https://www.meitu131.com/nvshen/555
Anna苏拉,85,1,https://www.meitu131.com/nvshen/556
优米,124,1,https://www.meitu131.com/nvshen/557
LULIUJING-兔哥哥,45,2,https://www.meitu131.com/nvshen/558
王蜜,38,2,https://www.meitu131.com/nvshen/559
艾尔莎elsa,50,1,https://www.meitu131.com/nvshen/560
陈幼依,140,1,https://www.meitu131.com/nvshen/561
羽仁鹿,63,1,https://www.meitu131.com/nvshen/562
杨倩倩,90,1,https://www.meitu131.com/nvshen/563
韩好甜,84,3,https://www.meitu131.com/nvshen/564
吴思晚,133,2,https://www.meitu131.com/nvshen/565
大美媚京,236,7,https://www.meitu131.com/nvshen/566
古月,140,1,https://www.meitu131.com/nvshen/567
韩心雨,210,3,https://www.meitu131.com/nvshen/568
薇薇酱,21,3,https://www.meitu131.com/nvshen/569
顾楚楚,69,2,https://www.meitu131.com/nvshen/570
十九九,166,1,https://www.meitu131.com/nvshen/571
江真真,86,0,https://www.meitu131.com/nvshen/572
小肥莹,150,2,https://www.meitu131.com/nvshen/573
波巧酱,88,5,https://www.meitu131.com/nvshen/574
李小米,16,2,https://www.meitu131.com/nvshen/575
